student_id,group_id
JillCollins-Foster567,226AMissLucyCooke144
KimHill-Hussain361,226AMissJaniceClarke389
PatrickKelly-Cartwright181,226AMissJaniceClarke389
JoeMoss474,226AMissJaniceClarke389
StephenLyons666,226AMissJaniceClarke389
DrSamuelWilkinson909,226AMissJaniceClarke389
MsClareGilbert893,226AMissJaniceClarke389
CameronBlack967,226AMissJaniceClarke389
MrHarryHarris137,226AMissJaniceClarke389
KimberleyJames393,226AMissJaniceClarke389
CharlieTaylor625,226AMissJaniceClarke389
JamesChapman785,226AMissJaniceClarke389
LynneRussell855,226AMissLucyCooke144
MissMargaretO'Neill756,226AMissLucyCooke144
DebraPickering854,226AMissLucyCooke144
ShaunParker509,226AMissLucyCooke144
DrCarolLawrence685,226AMissLucyCooke144
TobyHarvey-West577,226AMissLucyCooke144
ShirleyMoss-Ellis961,226AMissLucyCooke144
MrRichardKent314,226AMissLucyCooke144
KyleEvans-Davison327,226AMissLucyCooke144
CliveKay507,226AMissLucyCooke144
JessicaHolland452,226AMissLucyCooke144
GordonGreenwood904,226AMissJaniceClarke389
DrClareStevens787,226AMissJaniceClarke389
MrColinRiley191,226AMissJaniceClarke389
AntonyRichards-Dale230,226AMissLucyCooke144
CameronJones814,226AMissLucyCooke144
MissKarenGriffiths108,226BMissLucyCooke144
JasmineRyan350,226BKeithStewart941
GraemeJohnson838,226BKeithStewart941
DrStephenRandall553,226BMissLucyCooke144
GarethMills126,226BKeithStewart941
JoannePreston620,226BKeithStewart941
GaryAtkinson-Mills930,226BMissLucyCooke144
MsAimeeJackson271,226BKeithStewart941
SallyKing512,226BKeithStewart941
DonnaTomlinson212,226BKeithStewart941
FrancescaJones890,226BMissLucyCooke144
BethanCollier912,226BMissLucyCooke144
MsKarenManning293,226BMissLucyCooke144
LindaTaylor201,226BKeithStewart941
LucyHarris136,226BMissLucyCooke144
JeanMartin-Taylor252,226BMissLucyCooke144
MarcFuller557,226BKeithStewart941
PaulGarner181,226BMissLucyCooke144
DrGerardWood308,226BKeithStewart941
MissAmyWard114,226BMissLucyCooke144
SamReed-Godfrey577,226BKeithStewart941
PhillipNixon271,226BMissLucyCooke144
MrsBethConway329,226BMissLucyCooke144
MrsChloeBradley708,226BKeithStewart941
MrAndrewBegum732,226BKeithStewart941
MissBrendaPayne236,226BKeithStewart941
DrHarrietRobinson308,226BMissLucyCooke144
LiamGrant300,226BMissLucyCooke144
ShannonChadwick-Elliott425,226BMissLucyCooke144
StevenTalbot974,226VKeithStewart941
AnnaMorris716,226VKeithStewart941
ElizabethPerry461,226VKeithStewart941
ReeceBirch663,226VKeithStewart941
DrJadeLewis620,226VKeithStewart941
VictoriaKing-Harvey617,226VKeithStewart941
LeighTaylor612,226VKeithStewart941
DrHelenBailey498,226VKeithStewart941
RaymondHart419,226VKeithStewart941
DrGarethFowler692,226VKeithStewart941
WilliamDavies515,226VKeithStewart941
SheilaWilkinson951,226VKeithStewart941
MartinPorter806,226VKeithStewart941
ReeceHarrison734,226VKeithStewart941
AliceLittle675,226VMissLucyCooke144
CharlotteWilliams777,226VMissLucyCooke144
TrevorThomas636,226VMissLucyCooke144
VanessaHayes938,226VMissLucyCooke144
AnnHolt636,226VMissLucyCooke144
GillianO'Neill341,226VMissLucyCooke144
MrMarcPatel430,226VMissLucyCooke144
DuncanMartin731,226VMissLucyCooke144
DrNeilKaur814,226VMissLucyCooke144
DrElliotWilkinson598,226VMissLucyCooke144
DenisByrne-Thomas453,226VMissLucyCooke144
AaronButler803,226VMissLucyCooke144
MarilynSmith199,226VMissLucyCooke144
DrRonaldSimmons655,226VMissLucyCooke144
LaurenVaughan825,227A
SophieWillis663,227A
KatePotts917,227A
GaryHarrison-Lewis476,227ADrKirstyMiller653
DrJemmaBooth794,227A
DuncanHill356,227A
CraigButler236,227A
DorothyLawson696,227A
JeffreyO'Sullivan-Dale205,227A
MsAnnCooper710,227A
RosemaryGilbert183,227A
EmilyPotter-Bradshaw475,227A
AlexandraWilliams319,227ADrKirstyMiller653
DrAbigailWatson478,227ADrKirstyMiller653
JayneStevenson-Powell442,227A
JaniceSpencer563,227A
RachelMorris289,227A
RaymondHolloway-Clark176,227A
KennethTaylor-Hargreaves747,227A
MsSaraCook497,227A
JoelPratt504,227A
TerenceWhittaker816,227A
AngelaBailey681,227A
AliceTaylor501,227A
GordonWyatt578,227A
MrFrankLee731,227A
AbdulBailey444,227A
AaronOliver-Johnson163,227A
MrsGailSingh215,227A
RogerThompson158,227B
GrahamWilliams612,227B
DrKieranHarris885,227BMrLeonardJames100
BrianFrancis802,227B
MrDenisCooper379,227B
DianeBarlow157,227B
JadeHolt-Ashton306,227B
MrStuartMoore834,227B
GeorgiaFrancis952,227B
MissAnnAustin423,227B
MsSylviaLeach970,227B
DorothyScott614,227B
NeilGrant-O'Connor260,227B
AnthonyPearson707,227B
LouiseAllen-Doyle896,227B
SusanTaylor355,227B
LydiaFreeman-Cook133,227B
DrChelseaGodfrey870,227B
AdrianO'Brien-Jackson773,227B
DrChristineDunn932,227B
MrsCatherineSmith992,227B
CharlesCook232,227B
BenCook971,227B
DenisWood323,227B
DrVictorCampbell408,227B
JoyceBegum530,227B
LeeJones-Gregory967,227V
MrElliotJones380,227V
BenRoberts741,227V
DrNatalieHarvey772,227V
CarolynBates-Murray263,227V
CherylParsons738,227V
TimothyGreen940,227V
CraigBarnes410,227V
MsRosemaryNorman690,227V
BarbaraPerry385,227V
MsYvonneBruce517,227V
DrMalcolmJones760,227V
JaneBrown662,227V
PhilipTaylor278,227V
StaceySmith206,227V
IainGibson488,227VMrLeonardJames100
HollieCollins-Horton473,227V
MrsSusanWright507,227V
DarrenCollins-Wilson232,227VMrLeonardJames100
IanHarrison426,227V
AlisonBond-McKenzie580,227V
DrVincentMarsden803,227VMrLeonardJames100
TinaWatson449,227V
DrDanielNewton254,227V
LindaWright484,227V
VanessaBrookes249,227V
AndrewGlover284,227V
MrsLaurenMoss224,227V
ClareRichardson525,227V
AnthonyPalmer-Clarke624,227V
DrAlexCarr836,227V
MarilynEdwards-Jones307,227V
MarionReeves193,227V
DaniellePorter555,227GMissLucyCooke144
BillyWright689,227GMissLucyCooke144
JoeKemp943,227GMissLucyCooke144
CarlyDavison568,227GMissLucyCooke144
BethanyStone718,227GMissLucyCooke144
DamienCarter188,227GMissLucyCooke144
DrMarkTaylor554,227GMissLucyCooke144
MrStephenBoyle714,227GMissLucyCooke144
AbbieCunningham813,227GMissLucyCooke144
MrLeighDavies275,227GMissLucyCooke144
GarethKhan769,227GMissJaniceClarke389
AnnKaur131,227GMissLucyCooke144
MartynHowell164,227GMissLucyCooke144
MsSusanAllen675,227GMissJaniceClarke389
BethanyMitchell353,227GMissJaniceClarke389
AnnetteMoss239,227GMissLucyCooke144
KatieMiles768,227GMissJaniceClarke389
CatherineHumphreys449,227GMissLucyCooke144
DamienMorris795,227GMissJaniceClarke389
CarolineThomas314,227GMissJaniceClarke389
DeniseCampbell368,227GMissJaniceClarke389
GlennShaw865,227GMissJaniceClarke389
DonaldReid808,227GMissJaniceClarke389
DianeHughes976,227GMissJaniceClarke389
JuneTaylor179,227GMissJaniceClarke389
RussellMartin393,227GMissJaniceClarke389
GraceBall640,227GMissJaniceClarke389
JaniceWebster756,227GMissJaniceClarke389
DrShaunClarke311,227DMissJaniceClarke389
DrAlisonO'Connor835,227DMissJaniceClarke389
MohammedHutchinson-Alexander755,227DMissJaniceClarke389
MrFrederickFarrell222,227DMissLucyCooke144
LouiseMoran178,227DMissJaniceClarke389
KimWade245,227DMissJaniceClarke389
ReeceScott379,227DMissJaniceClarke389
ShannonRussell-Parker893,227DMissJaniceClarke389
MartynGibbs693,227DMissJaniceClarke389
DrNormanRichardson450,227DMissJaniceClarke389
MrsGeraldineAdams675,227DMissJaniceClarke389
CherylDoyle967,227DMissJaniceClarke389
IreneMartin760,227DMissJaniceClarke389
MissJaneHarris410,227DMissLucyCooke144
MsLindaRose448,227DMissLucyCooke144
FrederickJones201,227DMissLucyCooke144
BryanStephenson-Shepherd738,227DMissLucyCooke144
VictorHolmes385,227DMissJaniceClarke389
StuartIqbal876,227DMissLucyCooke144
TerenceKing697,227DMissLucyCooke144
NormanHolloway377,227DMissLucyCooke144
MrDeanParker436,227DMissLucyCooke144
JoshTaylor944,227DMissLucyCooke144
DrGarethSmith697,227DMissLucyCooke144
MrHenryFrost556,227DMissLucyCooke144
DrAlexandraJohnston179,227DMissLucyCooke144
BethPreston828,227DMissJaniceClarke389
MissSallyWhitehouse688,227DMissLucyCooke144
LynneBarber766,228A
AmyOsborne179,228A
BryanPrice573,228A
JodieDuffy973,228A
JasmineKirby790,228A
ClareTaylor427,228A
MaryWilson131,228A
MissBrendaHolmes267,228A
BruceHoward447,228A
PatriciaWilson948,228A
DrStewartFord239,228A
DamianPrice569,228A
StephenWalters847,228ADrBryanElliott804
ChristianBriggs-White692,228AMrLeonardJames100
TobyStephens144,228A
MsBethCole689,228A
GeorgeHarrison970,228A
MsAlexandraBell287,228A
SharonOwen107,228A
KerryDuffy918,228A
MrBradleyTodd846,228A
RitaEdwards619,228AMrLeonardJames100
HelenPearce-Fuller523,228A
MrBillyHayward418,228A
CliveHall379,228A
MrDanielBaker602,228AMrLeonardJames100
ValerieBrown725,228A
AnnetteBradley393,228AMrLeonardJames100
RebeccaTurner424,228A
PeterSmith345,228B
DrBillyMoore845,228B
AmeliaPatel979,228B
PaulMurphy193,228B
AlanYates240,228B
HannahRahman538,228B
DrRyanScott779,228B
PaulaHorton349,228B
ElliottRoberts-Cole469,228B
DrMohamedReynolds278,228B
JessicaMiller382,228B
StaceyYoung615,228B
AmandaJackson635,228B
MissNicoleJames263,228B
MrMathewMurphy677,228B
StephenBennett-Brooks200,228B
BernardHarris809,228B
JuliaBrown495,228B
ElizabethArmstrong597,228B
MrCliveSmith130,228B
GlenMitchell728,228B
ThomasField340,228B
NaomiRees215,228B
MollyCox841,228B
MaureenLowe151,228B
RoyColes-Watts202,228B
SamMitchell135,228B
LawrenceTaylor-Fraser474,228B
MsMelissaHayes477,228V
TrevorHardy333,228V
AliceGibson-Barrett927,228V
AdrianBennett573,228V
SianLord686,228VMissLucyCooke144
LynneWilliams734,228V
FrancesWilliams993,228V
GeraldineBaxter898,228V
LynneKing988,228V
MichaelMoss514,228V
JamieWilkinson-Howells626,228V
StevenThomas887,228VMrLeonardJames100
MissJaneClark752,228V
MsAmeliaWalton645,228V
DrTonyJones510,228V
EileenGreen468,228V
IanCook117,228V
JoeFlynn133,228V
MissLynneSmith641,228V
MelaniePorter769,228V
MrSimonMay227,228V
DrSophieBaxter100,228VMissLucyCooke144
MarkAhmed736,228V
DrTobyBailey574,228V
ChristopherGoodwin379,228V
ArthurWatts978,228V
MichaelMorris636,228V
JonathanKnight813,228GKeithStewart941
DrJacobWood717,228GKeithStewart941
MrsClareHammond487,228GKeithStewart941
SaraBarton995,228GMrLeonardJames100
MalcolmWhitehouse135,228GKeithStewart941
BruceRoberts166,228GKeithStewart941
MrDeanWhite432,228GKeithStewart941
EdwardFord-Barnett954,228GMrLeonardJames100
MrLukeWood738,228GMrLeonardJames100
AlexFarrell508,228GKeithStewart941
StephenStone409,228GKeithStewart941
DrHughGreen518,228GKeithStewart941
SophiePearce593,228GKeithStewart941
DrLeslieWheeler620,228GKeithStewart941
JenniferJohnson233,228GKeithStewart941
RachelPeacock367,228GKeithStewart941
DeclanWood990,228GMrLeonardJames100
DrEricMarshall373,228GKeithStewart941
DrEricGriffiths517,228GMrLeonardJames100
PamelaMarshall412,228GMrLeonardJames100
BryanHerbert-Carter562,228GMrLeonardJames100
MissDanielleStephenson761,228GMrLeonardJames100
MrsHilaryFowler889,228GMrLeonardJames100
EmilyJarvis809,228GKeithStewart941
MrConnorSteele186,228GMrLeonardJames100
JuneBegum506,228GMrLeonardJames100
ElliotWright-Brown422,228GMrLeonardJames100
KevinMorris753,228GMrLeonardJames100
HarrietHoward764,228GMrLeonardJames100
KarlJames-Roberts799,228D
JustinCurtis438,228D
JeremyJackson151,228D
MrsAshleighHiggins180,228D
GeorginaWalker241,228D
HeatherMartin401,228D
HenryWilliamson980,228D
BruceMills887,228D
KarenSlater993,228D
TracyPorter984,228D
MsGeorgiaAnderson528,228D
JayBrown-Elliott565,228D
PaulFreeman936,228D
ChloeMann804,228D
DrStephanieArcher660,228D
DrLyndaPatterson379,228D
DarrenWest902,228DMissLucyCooke144
RaymondRobinson215,228DMissLucyCooke144
DrTeresaLawrence386,228DMissLucyCooke144
RachelShaw508,228D
KatyCooper492,228DMissLucyCooke144
BernardQuinn324,228DMissLucyCooke144
RitaOwen513,228D
JosephPerkins619,228DMissLucyCooke144
BruceSullivan696,228D
KellySheppard422,228D
DrTimothyParker519,228D
MrJonathanMoore772,228D
PaulPeters297,229AKeithStewart941
BethanyJones138,229AMrLeonardJames100
CameronKing829,229AKeithStewart941
DamianTucker-Bailey563,229AMrLeonardJames100
MsJayneBrown659,229AMrLeonardJames100
MrsMaryHartley872,229AKeithStewart941
DrRickySmith757,229AMrLeonardJames100
DrMohammedCollins215,229AKeithStewart941
FrankHicks768,229AKeithStewart941
JanePeters961,229AMrLeonardJames100
ColinButler574,229AKeithStewart941
DrKarenMoore606,229AKeithStewart941
DonaldButler-Bailey478,229AMrLeonardJames100
NathanMarshall907,229AMrLeonardJames100
HowardWilson903,229AMrLeonardJames100
MrReeceWilliams253,229AMrLeonardJames100
LeeWebster956,229AMrLeonardJames100
MissDanielleCollier864,229AKeithStewart941
MarionSutton612,229AKeithStewart941
GlenWilson-Dixon535,229AKeithStewart941
DrDenisKirk419,229AKeithStewart941
MrGlenWright819,229AKeithStewart941
MsNicolaRichards336,229AMrLeonardJames100
MelissaWatkins537,229AKeithStewart941
VincentMurphy607,229AMrLeonardJames100
MatthewHopkins767,229AMrLeonardJames100
JoelCarter922,229AMrLeonardJames100
BrendaLee141,229AMrLeonardJames100
GailBrown556,229AKeithStewart941
MissKimJames348,229BNathanHamilton425
MrsMeganGodfrey476,229BKeithStewart941
MatthewSullivan383,229BNathanHamilton425
MissFrancesChapman665,229BNathanHamilton425
MissSarahSmith336,229BNathanHamilton425
MargaretHiggins885,229BNathanHamilton425
DrDylanHolland380,229BKeithStewart941
MrElliotWarner704,229BNathanHamilton425
BrandonSmith752,229BNathanHamilton425
MrsKathleenOliver944,229BKeithStewart941
DianePrice847,229BKeithStewart941
RoyManning371,229BKeithStewart941
LisaMartin301,229BKeithStewart941
CatherineFox860,229BNathanHamilton425
NormanJohn484,229BNathanHamilton425
CarolineWright293,229BKeithStewart941
LynneSingh-Jennings333,229BNathanHamilton425
SharonGreen-Wallace870,229BKeithStewart941
MrsKimMatthews752,229BNathanHamilton425
FionaDean961,229BKeithStewart941
ClaireLewis219,229BKeithStewart941
MsCarlyGiles209,229BNathanHamilton425
MrsOliviaClark927,229BKeithStewart941
RossKaur806,229BKeithStewart941
MrRyanPalmer699,229BKeithStewart941
BrendaNelson-Tomlinson331,229BKeithStewart941
MrDennisRussell287,229BNathanHamilton425
ShirleyScott242,229VMrLeonardJames100
StuartSmith-Phillips710,229VMrLeonardJames100
DrNathanHart184,229VKeithStewart941
DeclanWilliams859,229VMrLeonardJames100
RobinSmith313,229VMrLeonardJames100
CliffordTaylor878,229VMrLeonardJames100
GraemeJames-Ward675,229VKeithStewart941
DebraMitchell542,229VKeithStewart941
CarolynSmith589,229VKeithStewart941
MrDominicYates804,229VKeithStewart941
JuneBentley-Patel332,229VMrLeonardJames100
DeclanRandall-Bennett570,229VMrLeonardJames100
MeganTaylor215,229VKeithStewart941
JosephineDean573,229VKeithStewart941
AngelaWard-Gibson403,229VMrLeonardJames100
DrDaleEdwards959,229VMrLeonardJames100
VictorRoss375,229VKeithStewart941
MrBenBrown150,229VKeithStewart941
DrIainDavies919,229VMrLeonardJames100
MartynWaters-Hutchinson660,229VKeithStewart941
CameronTurner141,229VKeithStewart941
AmyWoodward644,229VMrLeonardJames100
KateEdwards530,229VKeithStewart941
MsOliviaReynolds368,229VKeithStewart941
NathanChadwick554,229VKeithStewart941
DavidJordan806,229VMrLeonardJames100
DrConorEdwards662,229VMrLeonardJames100
MrEdwardJohnson507,229VMrLeonardJames100
MeganEdwards555,229G
NeilBrown-Knight682,229G
CharleneBell583,229G
MaxWilliams742,229G
DrBrendaBegum529,229G
MrsVictoriaSmith448,229G
DianaBrady-Rice963,229G
CarlyClarke413,229G
StuartWright155,229G
SamuelCooke295,229G
StevenRowley-Douglas741,229G
MartinMorgan699,229G
CliveJones-Lees528,229G
ScottFord-Gallagher131,229G
MelissaJones894,229G
AaronLynch185,229G
MsJulieJones242,229G
DrMarianBarrett283,229G
DrRoyPearson627,229G
GuyGoodwin-Nixon815,229G
JoshMason493,229G
KarlCooper-James365,229G
RhysWhite600,229G
BethanyWest638,229G
DrStuartArmstrong601,229G
JulianCollins373,229G
BrendaPalmer750,229G
MissAlexandraMorgan535,229G
CallumHill431,229G
MohammedGregory803,229G
MissCharlotteRyan783,229D
MsCarlyAllen206,229D
DanielBrown663,229D
JadeSmith499,229DDrBryanElliott804
KennethBrown707,229D
BrianSmith-Thomson359,229D
DrHarrietGriffiths320,229D
MissDianePatel445,229D
HarrietChandler-Watkins867,229D
EdwardCook230,229DDrBryanElliott804
VanessaHarding677,229DDrBryanElliott804
JamieReeves329,229DDrBryanElliott804
MaryStephens745,229DDrBryanElliott804
GillianWilliams-Jordan467,229D
MauriceMartin-Wilson594,229D
DrGarryBryan538,229DMrLeonardJames100
MrTomHarris620,229DMrLeonardJames100
AndreaBooth-Johnston413,229D
JuliaLane514,229D
LisaNicholson268,229D
MrsFrancescaHart309,229D
CliffordQuinn775,229D
JulieJohnson909,229D
MrSeanWilkinson388,229D
IreneGilbert638,229D
EmilyFletcher455,229D
DrRogerDavies643,229D
DrRhysArnold271,229D
DrRosemaryKirk228,2210A
RichardYoung470,2210ADrBryanElliott804
JayneWilson539,2210AKeithStewart941
DrChristineAtkins474,2210A
StewartReed-Wheeler867,2210A
KimBowen879,2210A
ClareHall388,2210AKeithStewart941
AshleyPotts151,2210ADrBryanElliott804
BethNicholson-Smith368,2210A
GuyClark260,2210A
StephanieLewis422,2210ADrBryanElliott804
MrsJemmaTaylor629,2210ADrBryanElliott804
AlexHardy206,2210A
DebraDawson449,2210A
NathanCarter201,2210ADrBryanElliott804
LaurenGreen877,2210A
CliffordLewis529,2210AKeithStewart941
MrsAmyHall693,2210A
LiamPearson103,2210A
JaniceMoore587,2210AKeithStewart941
ChristianWright739,2210A
RobertHarding831,2210A
DeborahCarroll-Evans233,2210A
KevinPatterson341,2210A
JosephSimpson953,2210A
DrDylanBarton920,2210A
NathanFoster215,2210A
RhysRobinson676,2210AKeithStewart941
BrianShah476,2210AKeithStewart941
MrsMariaWest998,2210B
MrCraigLee343,2210B
MissKimberleyJohn257,2210B
GeorginaLee668,2210B
PaulineJohnson475,2210B
MaxSmith734,2210B
LyndaRose430,2210BKeithStewart941
MollyCampbell778,2210B
JackHodgson970,2210B
MollyBrown627,2210BDrBryanElliott804
KatyBurke155,2210B
VincentBaker686,2210B
MaxThompson453,2210B
KieranGraham389,2210B
LeahRobertson778,2210B
MrsBrendaWalsh973,2210B
MelanieBaker594,2210B
ElliotGraham-May700,2210B
MrAndrewWebb835,2210B
JudithSmith703,2210B
CharlieWaters325,2210B
MrsMeganGordon564,2210BDrBryanElliott804
LeslieCollins689,2210B
ShannonMcDonald462,2210B
DebraLong127,2210B
HayleyTurner-Tyler939,2210B
DeniseWalsh430,2210B
DrElliottSavage961,2210B
MissHelenWilson248,2210B
LauraNixon440,2210B
MissChloeWhite902,2210B
JodieSimpson626,2210V
SusanClements521,2210V
VincentTurner573,2210V
RosieGreen919,2210V
MissMollyWalker933,2210V
ThomasGriffiths-Miles547,2210VMrLeonardJames100
StewartHolden542,2210V
KevinWilkins336,2210V
JeffreyMurphy136,2210VMrLeonardJames100
JenniferQuinn895,2210V
DrDennisDuffy472,2210V
JayMiles639,2210VKeithStewart941
CraigJackson-Taylor619,2210VMrLeonardJames100
LouisWalters580,2210V
StaceyHughes519,2210VDrBryanElliott804
DrStephenDavies276,2210VMrLeonardJames100
AliceWilkinson843,2210V
MollyHolland483,2210V
GlennGoddard517,2210V
DrPaulSimpson668,2210VMrLeonardJames100
ShirleyHart293,2210V
PatriciaJones662,2210V
DrSamuelHolmes660,2210V
BryanBryant-Swift181,2210V
MollyO'Brien327,2210V
AmyHall419,2210V
BarbaraMurphy461,2210V
KatieGill-Bradley471,2210V
DrSaraBailey913,2210V
JakeEdwards465,2210V
MarcHolmes236,2210V
AimeeCooper733,2210V
RachaelManning952,2210GKeithStewart941
JoelAnderson-Payne764,2210GMrLeonardJames100
MrMartinMcCarthy111,2210GKeithStewart941
LouiseAnderson359,2210GMrLeonardJames100
ElizabethThorpe579,2210GMrLeonardJames100
GraceHale984,2210GDrBryanElliott804
GailThomas790,2210G
GeoffreyTaylor943,2210GDrBryanElliott804
KatySmith-Shaw307,2210G
MohammadSingh721,2210GDrBryanElliott804
AshleyStevens775,2210GMrLeonardJames100
AmandaWalker580,2210GDrBryanElliott804
AllanEvans103,2210GMrLeonardJames100
DrKieranHowarth138,2210GMrLeonardJames100
MohammadFletcher290,2210G
MissKatyWilliams418,2210GMrLeonardJames100
JenniferDay695,2210GMrLeonardJames100
JennaDawson-Watkins846,2210GMrLeonardJames100
BradleyFord-Houghton162,2210G
AshleyCooke791,2210G
MrChristianGray535,2210GMrLeonardJames100
MsMargaretFrost609,2210GMrLeonardJames100
ElliottEvans407,2210GDrBryanElliott804
MrGlenDixon681,2210G
DrGillianWilliams233,2210G
KatherineWarren949,2210GMrLeonardJames100
HeatherMoore425,2210G
DannyTurner637,2210G
MsMariaLamb285,2210G
SianBrookes-Walker520,2210D
MrsKathleenMitchell990,2210D
MrsPamelaCooper730,2210D
LeslieClarke871,2210D
DamianMarsh-Ford117,2210D
DrGeorgeWilson911,2210D
SophieSmith263,2210D
WendyWard371,2210DMrLeonardJames100
MissAnnEdwards493,2210D
MrBradleyDavies826,2210DMrLeonardJames100
AmberBurke450,2210D
BethanHussain429,2210D
MelissaRichards911,2210D
DrDonaldDavies694,2210DMrLeonardJames100
MitchellEdwards117,2210D
MsGillianWright431,2210DMrLeonardJames100
KeithHarris421,2210D
RosemaryCollins798,2210D
AdamPrice-Wilkinson354,2210D
DrGordonWade662,2210D
DonnaWright259,2210DKeithStewart941
TrevorMarshall960,2210D
KayleighMorgan288,2210DMrLeonardJames100
BernardHill617,2210DKeithStewart941
HenryGardner747,2210D
RoyCarr112,2210DMrLeonardJames100
JennaByrne733,2210DNathanHamilton425
StephenBolton-Osborne409,2210DKeithStewart941
MsMelanieCross174,2210DMrLeonardJames100
ValerieLaw678,2210DMrLeonardJames100
BrettSlater144,2211A
MrJoshuaWaters263,2211A
LiamRichards-Jones594,2211ADrBryanElliott804
DrYvonneYoung335,2211A
GlennAllen259,2211ANathanHamilton425
BernardPugh770,2211ANathanHamilton425
MrsMandyLloyd650,2211A
EmilyLloyd284,2211A
SianBennett-Wood566,2211AKeithStewart941
ScottAnderson264,2211A
DenisWaters706,2211AKeithStewart941
LeighSimpson607,2211A
AlexClark429,2211AKeithStewart941
GeraldBird-Knight112,2211A
DrVincentByrne431,2211A
JayneHall-O'Connor944,2211A
KayleighJohnson-Ali678,2211A
MrsJuneRobertson696,2211A
ShaneHawkins408,2211A
MissAlisonDixon815,2211ADrBryanElliott804
DrCallumWells898,2211A
DrCaroleSmith458,2211ADrBryanElliott804
HannahPreston860,2211AKeithStewart941
DrNigelShaw174,2211A
LeahPearson151,2211A
AmandaChambers398,2211B
JanetFisher971,2211B
MatthewThompson408,2211B
MrConorSaunders445,2211BKeithStewart941
BrandonLewis844,2211B
HarryCraig964,2211B
CliffordHerbert-Simmons388,2211B
MrTerenceGray635,2211B
KathrynBennett929,2211B
JayneSpencer385,2211B
BryanSmith794,2211BKeithStewart941
JuneMurray-Hayes138,2211BDrBryanElliott804
TobyWalton696,2211BDrBryanElliott804
DennisClarke954,2211B
JoannaGoodwin653,2211B
PaigeBall155,2211B
JeremyJones368,2211B
GordonAnderson572,2211B
MrsRebeccaMiles422,2211B
MrJamieTucker606,2211B
KevinRice198,2211B
OwenHarris-George822,2211B
MrsRachelGray302,2211BKeithStewart941
KayleighFoster274,2211B
GlennRussell612,2211BKeithStewart941
NigelWilkinson762,2211BKeithStewart941
DenisWoods-Mason701,2211B
JillRichardson-Griffiths386,2211VKeithStewart941
SheilaDodd154,2211V
MollyAdams813,2211V
DrLeonBarton977,2211V
ShirleyTaylor117,2211VKeithStewart941
SimonPearson381,2211V
OliverSheppard-Whitehead279,2211V
GavinWillis451,2211VNathanHamilton425
VictorKelly459,2211V
MariaScott-Murphy851,2211V
JanetStewart197,2211V
ArthurRoberts547,2211V
MrGerardGeorge441,2211VDrBryanElliott804
DianeGardner956,2211V
GillianTalbot-Davies282,2211VDrBryanElliott804
RachaelFarmer-Harris248,2211VDrBryanElliott804
DrZoeRoberts368,2211VDrBryanElliott804
DrLaurenRyan859,2211V
MauriceWoods-Walton983,2211V
AbigailBarnes663,2211V
DawnScott-Bates516,2211V
KimAnderson847,2211VKeithStewart941
DrLisaHolden509,2211V
SaraKnight-Wilson802,2211V
MsMarionWells887,2211V
ConnorMorris912,2211G
IainSullivan265,2211G
MsGeorgiaAbbott337,2211G
MsAnnRobinson405,2211G
BarbaraGreen526,2211G
MatthewFry338,2211G
DrMollyWhite216,2211G
MsSophieLloyd335,2211G
GlennWilliams529,2211G
KateTurnbull182,2211G
BenFoster927,2211G
KimSkinner239,2211G
BenjaminGriffiths104,2211G
KarenGordon902,2211GKeithStewart941
AmandaBurton889,2211G
EmilyBarrett689,2211G
ConorHodgson516,2211G
DeclanGardner852,2211G
DrSamWatkins189,2211G
DrMohammedGarner461,2211GDrBryanElliott804
MissAimeeBrown611,2211GDrBryanElliott804
JaniceAndrews966,2211G
RussellMitchell726,2211GKeithStewart941
HughHudson156,2211G
AnnFinch255,2211D
AntonyHowell263,2211DKeithStewart941
LynnWalker919,2211DKeithStewart941
JudithBerry-Bennett257,2211D
DrJoelThompson593,2211D
YvonneGreen-Burton324,2211D
TomBurrows-Webster916,2211D
JordanDavis942,2211D
MaureenPatterson-Preston639,2211D
CarolCampbell845,2211D
DrJackMiles154,2211D
LawrenceHudson901,2211D
MaxYoung475,2211DKeithStewart941
VanessaMorgan707,2211D
KirstyWade850,2211D
DrSallyDavey746,2211D
WilliamJones914,2211D
RossSpencer-Carpenter474,2211DKeithStewart941
ZoeFrost376,2211DMrLeonardJames100
LeslieFraser706,2211DMrLeonardJames100
DrMohammadBell933,2211D
DorothyKhan531,2211D
MrGaryHayes431,2211D
LaurenVaughan825,216A
SophieWillis663,216A
KatePotts917,216A
GaryHarrison-Lewis476,216A
DrJemmaBooth794,216A
DuncanHill356,216A
CraigButler236,216A
DorothyLawson696,216A
JeffreyO'Sullivan-Dale205,216A
RosemaryGilbert183,216A
EmilyPotter-Bradshaw475,216A
AlexandraWilliams319,216A
DrAbigailWatson478,216A
JayneStevenson-Powell442,216A
JaniceSpencer563,216A
RachelMorris289,216A
RaymondHolloway-Clark176,216A
KennethTaylor-Hargreaves747,216A
MsSaraCook497,216A
JoelPratt504,216A
TerenceWhittaker816,216A
AngelaBailey681,216A
AliceTaylor501,216A
GordonWyatt578,216A
MrFrankLee731,216A
AbdulBailey444,216A
AaronOliver-Johnson163,216A
MrsGailSingh215,216A
RogerThompson158,216B
GrahamWilliams612,216B
DrKieranHarris885,216B
BrianFrancis802,216B
MrDenisCooper379,216B
DianeBarlow157,216B
JadeHolt-Ashton306,216B
MrStuartMoore834,216B
GeorgiaFrancis952,216B
MissAnnAustin423,216B
MsSylviaLeach970,216B
DorothyScott614,216B
NeilGrant-O'Connor260,216B
AnthonyPearson707,216B
LouiseAllen-Doyle896,216B
SusanTaylor355,216B
LydiaFreeman-Cook133,216B
DrChelseaGodfrey870,216B
AdrianO'Brien-Jackson773,216B
DrChristineDunn932,216B
MrsCatherineSmith992,216B
CharlesCook232,216B
BenCook971,216B
DenisWood323,216B
DrVictorCampbell408,216B
JoyceBegum530,216B
LeeJones-Gregory967,216V
MrElliotJones380,216V
BenRoberts741,216V
DrNatalieHarvey772,216V
CarolynBates-Murray263,216V
CherylParsons738,216V
TimothyGreen940,216V
CraigBarnes410,216V
MsRosemaryNorman690,216V
BarbaraPerry385,216V
MsYvonneBruce517,216V
DrMalcolmJones760,216V
GraemeGill404,216VMrLeonardJames100
IainGibson488,216VMrLeonardJames100
HollieCollins-Horton473,216V
MrsSusanWright507,216V
DarrenCollins-Wilson232,216V
DrVincentMarsden803,216V
TinaWatson449,216V
DrDanielNewton254,216V
LindaWright484,216V
VanessaBrookes249,216V
AndrewGlover284,216V
MrsLaurenMoss224,216V
ClareRichardson525,216V
AnthonyPalmer-Clarke624,216V
DrAlexCarr836,216V
MarilynEdwards-Jones307,216V
LynneBarber766,217A
AmyOsborne179,217A
BryanPrice573,217A
JodieDuffy973,217A
JasmineKirby790,217A
ClareTaylor427,217A
MaryWilson131,217A
MissBrendaHolmes267,217A
BruceHoward447,217A
PatriciaWilson948,217A
DrStewartFord239,217A
DamianPrice569,217A
StephenWalters847,217A
ChristianBriggs-White692,217A
TobyStephens144,217A
MsBethCole689,217A
GeorgeHarrison970,217A
MsAlexandraBell287,217A
KerryDuffy918,217A
MrBradleyTodd846,217A
RitaEdwards619,217A
HelenPearce-Fuller523,217A
MrBillyHayward418,217A
CliveHall379,217A
MrDanielBaker602,217A
ValerieBrown725,217A
AnnetteBradley393,217AMrLeonardJames100
RebeccaTurner424,217A
PeterSmith345,217B
DrBillyMoore845,217B
AmeliaPatel979,217B
PaulMurphy193,217B
AlanYates240,217B
HannahRahman538,217B
DrRyanScott779,217B
PaulaHorton349,217B
ElliottRoberts-Cole469,217B
DrMohamedReynolds278,217B
JessicaMiller382,217B
StaceyYoung615,217B
AmandaJackson635,217B
MissNicoleJames263,217B
MrMathewMurphy677,217B
StephenBennett-Brooks200,217B
BernardHarris809,217B
JuliaBrown495,217B
ElizabethArmstrong597,217B
MrCliveSmith130,217B
GlenMitchell728,217B
ThomasField340,217B
NaomiRees215,217B
MollyCox841,217B
MaureenLowe151,217B
RoyColes-Watts202,217B
SamMitchell135,217B
LawrenceTaylor-Fraser474,217B
MsMelissaHayes477,217V
TrevorHardy333,217V
AliceGibson-Barrett927,217V
BethanyNicholls188,217VEmilyThorpe514
AdrianBennett573,217V
SianLord686,217V
LynneWilliams734,217V
FrancesWilliams993,217V
GeraldineBaxter898,217V
LynneKing988,217V
MichaelMoss514,217V
JamieWilkinson-Howells626,217V
StevenThomas887,217VEmilyThorpe514
MarieBrown134,217V
MsAmeliaWalton645,217V
DrTonyJones510,217V
EileenGreen468,217V
IanCook117,217V
JoeFlynn133,217V
MissLynneSmith641,217V
MelaniePorter769,217V
MrSimonMay227,217V
DrSophieBaxter100,217V
MarkAhmed736,217V
DrTobyBailey574,217V
ChristopherGoodwin379,217V
ArthurWatts978,217V
MichaelMorris636,217V
JonathanKnight813,217GKeithStewart941
DrJacobWood717,217GKeithStewart941
MrsClareHammond487,217GKeithStewart941
SaraBarton995,217GMrLeonardJames100
MalcolmWhitehouse135,217GKeithStewart941
BruceRoberts166,217GKeithStewart941
MrDeanWhite432,217GKeithStewart941
EdwardFord-Barnett954,217GMrLeonardJames100
MrLukeWood738,217GMrLeonardJames100
AlexFarrell508,217GKeithStewart941
StephenStone409,217GKeithStewart941
DrHughGreen518,217GKeithStewart941
SophiePearce593,217GKeithStewart941
DrLeslieWheeler620,217GKeithStewart941
JenniferJohnson233,217GKeithStewart941
DeclanWood990,217GMrLeonardJames100
DrEricMarshall373,217GKeithStewart941
DrEricGriffiths517,217GMrLeonardJames100
PamelaMarshall412,217GMrLeonardJames100
BryanHerbert-Carter562,217GMrLeonardJames100
MissDanielleStephenson761,217GMrLeonardJames100
MrsHilaryFowler889,217GMrLeonardJames100
EmilyJarvis809,217GKeithStewart941
MrConnorSteele186,217GMrLeonardJames100
JuneBegum506,217GMrLeonardJames100
ElliotWright-Brown422,217GMrLeonardJames100
KevinMorris753,217GMrLeonardJames100
HarrietHoward764,217GMrLeonardJames100
KarlJames-Roberts799,217D
JustinCurtis438,217D
JeremyJackson151,217D
MrsAshleighHiggins180,217D
GeorginaWalker241,217D
HeatherMartin401,217D
HenryWilliamson980,217D
BruceMills887,217D
KarenSlater993,217D
TracyPorter984,217D
MsGeorgiaAnderson528,217D
JayBrown-Elliott565,217D
PaulFreeman936,217D
ChloeMann804,217D
DrStephanieArcher660,217D
DrLyndaPatterson379,217D
DarrenWest902,217D
RaymondRobinson215,217D
DrTeresaLawrence386,217D
RachelShaw508,217D
KatyCooper492,217D
BernardQuinn324,217D
RitaOwen513,217D
JosephPerkins619,217D
BruceSullivan696,217D
KellySheppard422,217D
DrTimothyParker519,217D
MrJonathanMoore772,217D
PaulPeters297,218AKeithStewart941
BethanyJones138,218ANathanHamilton425
CameronKing829,218AKeithStewart941
DamianTucker-Bailey563,218ANathanHamilton425
MsJayneBrown659,218ANathanHamilton425
MrsMaryHartley872,218AKeithStewart941
DrRickySmith757,218ANathanHamilton425
DrMohammedCollins215,218AKeithStewart941
FrankHicks768,218AKeithStewart941
JanePeters961,218ANathanHamilton425
ColinButler574,218AKeithStewart941
DrKarenMoore606,218AKeithStewart941
DonaldButler-Bailey478,218ANathanHamilton425
HowardWilson903,218ANathanHamilton425
MrReeceWilliams253,218ANathanHamilton425
MissDanielleCollier864,218AKeithStewart941
MarionSutton612,218AKeithStewart941
GlenWilson-Dixon535,218AKeithStewart941
DrDenisKirk419,218AKeithStewart941
MrGlenWright819,218AKeithStewart941
MsNicolaRichards336,218ANathanHamilton425
MelissaWatkins537,218AKeithStewart941
VincentMurphy607,218ANathanHamilton425
MatthewHopkins767,218ANathanHamilton425
JoelCarter922,218ANathanHamilton425
BrendaLee141,218ANathanHamilton425
GailBrown556,218AKeithStewart941
MissKimJames348,218BNathanHamilton425
MrsMeganGodfrey476,218BKeithStewart941
MatthewSullivan383,218BNathanHamilton425
MissFrancesChapman665,218BNathanHamilton425
MissSarahSmith336,218BNathanHamilton425
MargaretHiggins885,218BNathanHamilton425
DrDylanHolland380,218BKeithStewart941
MrElliotWarner704,218BNathanHamilton425
BrandonSmith752,218BNathanHamilton425
MrsKathleenOliver944,218BKeithStewart941
DianePrice847,218BKeithStewart941
RoyManning371,218BKeithStewart941
LisaMartin301,218BKeithStewart941
CatherineFox860,218BNathanHamilton425
NormanJohn484,218BNathanHamilton425
CarolineWright293,218BKeithStewart941
LynneSingh-Jennings333,218BNathanHamilton425
SharonGreen-Wallace870,218BKeithStewart941
MrsKimMatthews752,218BNathanHamilton425
FionaDean961,218BKeithStewart941
ClaireLewis219,218BKeithStewart941
MsCarlyGiles209,218BNathanHamilton425
MrsOliviaClark927,218BKeithStewart941
RossKaur806,218BKeithStewart941
BarryNorman163,218BNathanHamilton425
MrRyanPalmer699,218BKeithStewart941
BrendaNelson-Tomlinson331,218BKeithStewart941
MrDennisRussell287,218BNathanHamilton425
ShirleyScott242,218VNathanHamilton425
StuartSmith-Phillips710,218VNathanHamilton425
DrNathanHart184,218VKeithStewart941
DeclanWilliams859,218VNathanHamilton425
RobinSmith313,218VNathanHamilton425
CliffordTaylor878,218VNathanHamilton425
GraemeJames-Ward675,218VKeithStewart941
DebraMitchell542,218VKeithStewart941
CarolynSmith589,218VKeithStewart941
MrDominicYates804,218VKeithStewart941
JuneBentley-Patel332,218VNathanHamilton425
DeclanRandall-Bennett570,218VNathanHamilton425
MeganTaylor215,218VKeithStewart941
JosephineDean573,218VKeithStewart941
AngelaWard-Gibson403,218VNathanHamilton425
DrDaleEdwards959,218VNathanHamilton425
VictorRoss375,218VKeithStewart941
MrBenBrown150,218VKeithStewart941
DrIainDavies919,218VNathanHamilton425
MartynWaters-Hutchinson660,218VKeithStewart941
CameronTurner141,218VKeithStewart941
AmyWoodward644,218VNathanHamilton425
KateEdwards530,218VKeithStewart941
MsOliviaReynolds368,218VKeithStewart941
NathanChadwick554,218VKeithStewart941
DrConorEdwards662,218VNathanHamilton425
MrEdwardJohnson507,218VNathanHamilton425
MeganEdwards555,218G
NeilBrown-Knight682,218G
CharleneBell583,218G
MaxWilliams742,218G
DrBrendaBegum529,218G
MrsVictoriaSmith448,218G
DianaBrady-Rice963,218G
CarlyClarke413,218G
StuartWright155,218G
SamuelCooke295,218G
StevenRowley-Douglas741,218G
MartinMorgan699,218G
CliveJones-Lees528,218G
ScottFord-Gallagher131,218G
MelissaJones894,218G
AaronLynch185,218G
MsJulieJones242,218G
DrMarianBarrett283,218G
DrRoyPearson627,218G
KarlCooper-James365,218G
RhysWhite600,218G
BethanyWest638,218G
DrStuartArmstrong601,218G
JulianCollins373,218G
BrendaPalmer750,218G
MissAlexandraMorgan535,218G
CallumHill431,218G
MohammedGregory803,218G
MissCharlotteRyan783,218D
MsCarlyAllen206,218D
DanielBrown663,218D
JadeSmith499,218D
KennethBrown707,218D
BrianSmith-Thomson359,218D
DrHarrietGriffiths320,218D
MissDianePatel445,218D
EdwardCook230,218D
VanessaHarding677,218DDrBryanElliott804
JamieReeves329,218DDrBryanElliott804
MaryStephens745,218D
GillianWilliams-Jordan467,218D
MauriceMartin-Wilson594,218D
DrGarryBryan538,218D
AndreaBooth-Johnston413,218D
JuliaLane514,218D
LisaNicholson268,218D
MrsFrancescaHart309,218D
CliffordQuinn775,218D
JulieJohnson909,218D
MrSeanWilkinson388,218D
IreneGilbert638,218D
EmilyFletcher455,218D
DrRogerDavies643,218D
DrRhysArnold271,218D
DrRosemaryKirk228,219A
RichardYoung470,219ADrBryanElliott804
JayneWilson539,219ADrBryanElliott804
DrChristineAtkins474,219A
StewartReed-Wheeler867,219A
KimBowen879,219A
ClareHall388,219A
AshleyPotts151,219A
BethNicholson-Smith368,219A
GuyClark260,219A
StephanieLewis422,219ADrBryanElliott804
MrsJemmaTaylor629,219A
AlexHardy206,219A
DebraDawson449,219A
NathanCarter201,219A
LaurenGreen877,219A
CliffordLewis529,219A
MrsAmyHall693,219A
LiamPearson103,219A
ChristianWright739,219A
RobertHarding831,219A
KevinPatterson341,219A
JosephSimpson953,219A
DrDylanBarton920,219A
NathanFoster215,219A
BrianShah476,219A
MrsMariaWest998,219B
GeorginaLee668,219B
PaulineJohnson475,219B
MaxSmith734,219B
LyndaRose430,219BEmilyThorpe514
MrRoyLawson950,219BDrBryanElliott804
MollyCampbell778,219B
JackHodgson970,219B
MollyBrown627,219B
KatyBurke155,219B
VincentBaker686,219B
MaxThompson453,219B
KieranGraham389,219B
LeahRobertson778,219B
MrsBrendaWalsh973,219BEmilyThorpe514
MelanieBaker594,219B
ElliotGraham-May700,219B
MrAndrewWebb835,219B
JudithSmith703,219B
CharlieWaters325,219B
MrsMeganGordon564,219BDrBryanElliott804
LeslieCollins689,219B
ShannonMcDonald462,219B
DebraLong127,219B
HayleyTurner-Tyler939,219B
DeniseWalsh430,219B
DrElliottSavage961,219B
MissHelenWilson248,219B
LauraNixon440,219B
MissChloeWhite902,219B
JodieSimpson626,219VEmilyThorpe514
SusanClements521,219V
VincentTurner573,219V
RosieGreen919,219V
MissMollyWalker933,219V
StewartHolden542,219V
KevinWilkins336,219V
JenniferQuinn895,219V
DrDennisDuffy472,219V
JayMiles639,219VDrBryanElliott804
LouisWalters580,219V
StaceyHughes519,219V
AliceWilkinson843,219V
MollyHolland483,219V
GlennGoddard517,219V
DrPaulSimpson668,219VEmilyThorpe514
ShirleyHart293,219V
PatriciaJones662,219V
DrSamuelHolmes660,219V
BryanBryant-Swift181,219V
MollyO'Brien327,219V
AmyHall419,219V
BarbaraMurphy461,219V
KatieGill-Bradley471,219V
DrSaraBailey913,219V
JakeEdwards465,219V
MarcHolmes236,219V
AimeeCooper733,219V
RachaelManning952,219G
JoelAnderson-Payne764,219G
MrMartinMcCarthy111,219GDrBryanElliott804
LouiseAnderson359,219G
ElizabethThorpe579,219G
GraceHale984,219G
GailThomas790,219G
GeoffreyTaylor943,219G
KatySmith-Shaw307,219G
MohammadSingh721,219G
AmandaWalker580,219G
AllanEvans103,219G
DrKieranHowarth138,219G
MohammadFletcher290,219G
MissKatyWilliams418,219G
JenniferDay695,219G
JennaDawson-Watkins846,219G
BradleyFord-Houghton162,219G
AshleyCooke791,219G
MrChristianGray535,219G
MsMargaretFrost609,219G
ElliottEvans407,219GDrBryanElliott804
MrGlenDixon681,219G
DrGillianWilliams233,219G
KatherineWarren949,219G
HeatherMoore425,219G
DannyTurner637,219G
MsMariaLamb285,219G
SianBrookes-Walker520,219D
MrsKathleenMitchell990,219D
MrsPamelaCooper730,219D
LeslieClarke871,219D
DamianMarsh-Ford117,219D
DrGeorgeWilson911,219D
SophieSmith263,219D
WendyWard371,219D
MissAnnEdwards493,219D
AmberBurke450,219D
BethanHussain429,219D
MelissaRichards911,219D
MitchellEdwards117,219D
KeithHarris421,219D
RosemaryCollins798,219D
AdamPrice-Wilkinson354,219D
DrGordonWade662,219D
DonnaWright259,219D
TrevorMarshall960,219D
KayleighMorgan288,219D
BernardHill617,219D
HenryGardner747,219D
RoyCarr112,219D
JennaByrne733,219DNathanHamilton425
StephenBolton-Osborne409,219D
MsMelanieCross174,219D
ValerieLaw678,219D
BrettSlater144,2110A
MrJoshuaWaters263,2110A
LiamRichards-Jones594,2110ADrBryanElliott804
DrYvonneYoung335,2110A
GlennAllen259,2110ANathanHamilton425
BernardPugh770,2110ANathanHamilton425
MrsMandyLloyd650,2110A
EmilyLloyd284,2110A
SianBennett-Wood566,2110AKeithStewart941
ScottAnderson264,2110A
DenisWaters706,2110AKeithStewart941
LeighSimpson607,2110A
AlexClark429,2110AKeithStewart941
GeraldBird-Knight112,2110A
DrVincentByrne431,2110A
JayneHall-O'Connor944,2110A
KayleighJohnson-Ali678,2110A
MrsJuneRobertson696,2110A
ShaneHawkins408,2110A
MissAlisonDixon815,2110ADrBryanElliott804
DrCallumWells898,2110A
HannahPreston860,2110AKeithStewart941
DrNigelShaw174,2110A
LeahPearson151,2110A
AmandaChambers398,2110B
JanetFisher971,2110B
MatthewThompson408,2110B
MrConorSaunders445,2110BKeithStewart941
BrandonLewis844,2110B
HarryCraig964,2110B
CliffordHerbert-Simmons388,2110B
MrTerenceGray635,2110B
KathrynBennett929,2110B
JayneSpencer385,2110B
BryanSmith794,2110BKeithStewart941
JuneMurray-Hayes138,2110B
TobyWalton696,2110B
DennisClarke954,2110B
JoannaGoodwin653,2110B
PaigeBall155,2110B
JeremyJones368,2110B
GordonAnderson572,2110B
MrsRebeccaMiles422,2110B
MrJamieTucker606,2110B
KevinRice198,2110B
OwenHarris-George822,2110B
MrsRachelGray302,2110BKeithStewart941
KayleighFoster274,2110B
GlennRussell612,2110BKeithStewart941
NigelWilkinson762,2110BKeithStewart941
DenisWoods-Mason701,2110B
JillRichardson-Griffiths386,2110VKeithStewart941
SheilaDodd154,2110V
MollyAdams813,2110V
DrLeonBarton977,2110V
ShirleyTaylor117,2110VKeithStewart941
SimonPearson381,2110V
OliverSheppard-Whitehead279,2110V
GavinWillis451,2110VNathanHamilton425
VictorKelly459,2110V
MariaScott-Murphy851,2110V
JanetStewart197,2110V
ArthurRoberts547,2110V
MrGerardGeorge441,2110VDrBryanElliott804
DianeGardner956,2110V
GillianTalbot-Davies282,2110VDrBryanElliott804
RachaelFarmer-Harris248,2110V
DrZoeRoberts368,2110VDrBryanElliott804
DrLaurenRyan859,2110V
MauriceWoods-Walton983,2110V
AbigailBarnes663,2110V
DawnScott-Bates516,2110V
KimAnderson847,2110VKeithStewart941
DrLisaHolden509,2110V
SaraKnight-Wilson802,2110V
MsMarionWells887,2110V
ConnorMorris912,2110G
IainSullivan265,2110G
MsGeorgiaAbbott337,2110G
MsAnnRobinson405,2110G
BarbaraGreen526,2110G
MatthewFry338,2110G
DrMollyWhite216,2110G
MsSophieLloyd335,2110G
GlennWilliams529,2110G
KateTurnbull182,2110G
BenFoster927,2110G
KimSkinner239,2110G
BenjaminGriffiths104,2110G
KarenGordon902,2110GKeithStewart941
AmandaBurton889,2110G
EmilyBarrett689,2110G
ConorHodgson516,2110G
DeclanGardner852,2110G
DrSamWatkins189,2110G
DrMohammedGarner461,2110GDrBryanElliott804
MissAimeeBrown611,2110G
JaniceAndrews966,2110G
RussellMitchell726,2110GKeithStewart941
HughHudson156,2110G
AnnFinch255,2110D
AntonyHowell263,2110DKeithStewart941
LynnWalker919,2110DKeithStewart941
JudithBerry-Bennett257,2110D
DrJoelThompson593,2110D
YvonneGreen-Burton324,2110D
TomBurrows-Webster916,2110D
JordanDavis942,2110D
MaureenPatterson-Preston639,2110D
CarolCampbell845,2110D
DrJackMiles154,2110D
LawrenceHudson901,2110D
MaxYoung475,2110DKeithStewart941
VanessaMorgan707,2110D
KirstyWade850,2110D
DrSallyDavey746,2110D
WilliamJones914,2110D
RossSpencer-Carpenter474,2110DKeithStewart941
ZoeFrost376,2110DMrLeonardJames100
LeslieFraser706,2110DMrLeonardJames100
DrMohammadBell933,2110D
DorothyKhan531,2110D
MrGaryHayes431,2110D
MrLukeHarris707,2111AKeithStewart941
EricWilliams807,2111AKeithStewart941
VictorMorris747,2111AKeithStewart941
MrJonathanKay805,2111AKeithStewart941
DrLewisBuckley948,2111AKeithStewart941
SamanthaGraham938,2111A
DrAllanMurray913,2111AKeithStewart941
ChristopherHoward641,2111AKeithStewart941
DrDaleParker845,2111AKeithStewart941
GordonDavies873,2111ADrBryanElliott804
ChelseaWhitehead282,2111AKeithStewart941
MitchellMiah240,2111AKeithStewart941
JillRobinson425,2111A
GlennHopkins574,2111AKeithStewart941
HughLowe814,2111A
DrMollyMorris472,2111A
MarionKnowles693,2111AKeithStewart941
DrBrianSchofield225,2111AKeithStewart941
MrPhilipDyer695,2111AKeithStewart941
MohammedO'Neill715,2111AKeithStewart941
DrJasonShaw926,2111AKeithStewart941
JacquelineSmith-Wood159,2111AKeithStewart941
MohammadTaylor406,2111AKeithStewart941
VictorCross377,2111BMrLeonardJames100
JulianDoherty321,2111B
EricBurgess779,2111B
DrElizabethClark697,2111B
BradleyCoates-Brown518,2111BMrLeonardJames100
RoyStephenson422,2111B
MitchellHancock870,2111B
CliveSmith639,2111B
DrDanielWilliams171,2111B
MichaelRussell467,2111B
GregoryHughes626,2111B
CharliePrice521,2111B
SeanSmith-Allen707,2111B
DebraBrowne667,2111B
BrandonMorgan-Humphries825,2111B
DrEdwardSanders715,2111B
NicholasPayne132,2111B
GeorgiaRichards737,2111B
HowardTaylor165,2111B
JosephineHall871,2111BMrLeonardJames100
MathewWilliams257,2111B
StevenAnderson678,2111V
MrsGeraldineBond330,2111V
HenrySaunders345,2111VMrLeonardJames100
RobertShaw969,2111V
JoshuaPollard470,2111VMrLeonardJames100
RoyFleming675,2111V
PaulWilkinson123,2111VMrLeonardJames100
MrKarlNorris383,2111V
JordanCooper272,2111VMrLeonardJames100
MrBradleyNorth221,2111V
KarenWalker115,2111VMrLeonardJames100
DrGlennRogers958,2111VMrLeonardJames100
GaryBrown-Higgins256,2111VKeithStewart941
JadeCollins-Harrison162,2111V
LouiseCarpenter488,2111VMrLeonardJames100
CherylCooper791,2111V
MrDominicO'Neill563,2111V
SophieHilton772,2111VMrLeonardJames100
MrStephenLewis891,2111V
MissDeborahCartwright584,2111VKeithStewart941
SuzanneWebster108,2111V
MarcusStorey576,2111V
JanetHarris-Young855,2111VMrLeonardJames100
ElizabethHughes548,2111GKeithStewart941
ClareJackson504,2111G
MissCatherineStewart342,2111G
CallumHill-Walsh988,2111GKeithStewart941
DrJemmaHussain993,2111G
MsLynnHicks416,2111G
EleanorAtkins915,2111GMrLeonardJames100
NathanPhillips504,2111G
DuncanEdwards-Patterson292,2111GMrLeonardJames100
MrsGraceHunt506,2111G
NatashaPage603,2111G
ChelseaParsons498,2111GKeithStewart941
MsAbigailHart325,2111GKeithStewart941
ConnorBird529,2111G
DrRossWilliams924,2111G
MissKarenWhite848,2111G
LyndaThomas121,2111G
MrMitchellWarner196,2111G
CharlieLewis337,2111G
RonaldHarris562,2111G
DawnFarmer219,2111G
JasonRead495,2111G
MrLouisSmart823,2111GKeithStewart941
ChelseaSanders419,2111D
MrsDanielleRiley467,2111D
DonaldCampbell605,2111D
MsKatieWood218,2111D
RosemaryWillis814,2111D
GrahamKhan674,2111DKeithStewart941
PaigeLong624,2111D
ClareRichards766,2111D
DrGregorySmith915,2111D
LorraineHill-Harvey306,2111D
KatieWilliams-Jackson226,2111D
EmilyGray498,2111D
RhysPrice-Kelly574,2111D
MrLeslieWhite844,2111D
DylanDixon298,2111D
DrSandraDavies905,2111D
JemmaMcDonald829,2111D
MrsAliceHarris721,2111DMrLeonardJames100
VincentWest-Hall810,2111D
DarrenJones-Dunn294,2111D
DerekWhite428,2111D
StephanieWall162,2111D
MarkParry587,2111D
DavidMiller-Crawford453,2111D
LynneBarber766,206A
AmyOsborne179,206A
BryanPrice573,206A
JodieDuffy973,206A
JasmineKirby790,206A
ClareTaylor427,206A
MaryWilson131,206A
MissBrendaHolmes267,206A
BruceHoward447,206A
PatriciaWilson948,206A
DrStewartFord239,206A
DamianPrice569,206A
StephenWalters847,206A
ChristianBriggs-White692,206A
TobyStephens144,206A
MsBethCole689,206A
GeorgeHarrison970,206A
MsAlexandraBell287,206A
KerryDuffy918,206A
MrBradleyTodd846,206A
RitaEdwards619,206A
HelenPearce-Fuller523,206A
MrBillyHayward418,206A
CliveHall379,206A
MrDanielBaker602,206A
ValerieBrown725,206A
AnnetteBradley393,206AMrLeonardJames100
RebeccaTurner424,206A
PeterSmith345,206B
DrBillyMoore845,206B
AmeliaPatel979,206B
PaulMurphy193,206B
AlanYates240,206B
HannahRahman538,206B
DrRyanScott779,206B
PaulaHorton349,206B
ElliottRoberts-Cole469,206B
DrMohamedReynolds278,206B
JessicaMiller382,206B
StaceyYoung615,206B
AmandaJackson635,206B
MissNicoleJames263,206B
MrMathewMurphy677,206B
StephenBennett-Brooks200,206B
BernardHarris809,206B
JuliaBrown495,206B
ElizabethArmstrong597,206B
MrCliveSmith130,206B
GlenMitchell728,206B
ThomasField340,206B
NaomiRees215,206B
MollyCox841,206B
MaureenLowe151,206B
RoyColes-Watts202,206B
SamMitchell135,206B
LawrenceTaylor-Fraser474,206B
MsMelissaHayes477,206V
TrevorHardy333,206V
AliceGibson-Barrett927,206V
BethanyNicholls188,206VEmilyThorpe514
AdrianBennett573,206V
SianLord686,206V
LynneWilliams734,206V
FrancesWilliams993,206V
GeraldineBaxter898,206V
LynneKing988,206V
MichaelMoss514,206V
JamieWilkinson-Howells626,206V
StevenThomas887,206VEmilyThorpe514
MarieBrown134,206V
MsAmeliaWalton645,206V
DrTonyJones510,206V
EileenGreen468,206V
IanCook117,206V
JoeFlynn133,206V
MissLynneSmith641,206V
MelaniePorter769,206V
MrSimonMay227,206V
DrSophieBaxter100,206V
MarkAhmed736,206V
DrTobyBailey574,206V
ChristopherGoodwin379,206V
ArthurWatts978,206V
MichaelMorris636,206V
PaulPeters297,207AKeithStewart941
BethanyJones138,207ANathanHamilton425
CameronKing829,207AKeithStewart941
DamianTucker-Bailey563,207A
MsJayneBrown659,207A
MrsMaryHartley872,207AKeithStewart941
DrRickySmith757,207A
DrMohammedCollins215,207A
JanePeters961,207A
ColinButler574,207A
DrKarenMoore606,207A
DonaldButler-Bailey478,207A
HowardWilson903,207A
MrReeceWilliams253,207A
MissDanielleCollier864,207A
MarionSutton612,207AKeithStewart941
GlenWilson-Dixon535,207AKeithStewart941
DrDenisKirk419,207AKeithStewart941
MrGlenWright819,207AKeithStewart941
MsNicolaRichards336,207ANathanHamilton425
VincentMurphy607,207A
MatthewHopkins767,207ANathanHamilton425
JoelCarter922,207A
BrendaLee141,207A
GailBrown556,207A
MissKimJames348,207BNathanHamilton425
MrsMeganGodfrey476,207BKeithStewart941
MatthewSullivan383,207BNathanHamilton425
MissFrancesChapman665,207B
MissSarahSmith336,207BNathanHamilton425
MargaretHiggins885,207BNathanHamilton425
DrDylanHolland380,207B
MrElliotWarner704,207B
BrandonSmith752,207B
MrsKathleenOliver944,207BKeithStewart941
DianePrice847,207B
RoyManning371,207B
LisaMartin301,207BKeithStewart941
CatherineFox860,207B
NormanJohn484,207B
CarolineWright293,207B
LynneSingh-Jennings333,207B
SharonGreen-Wallace870,207BKeithStewart941
MrsKimMatthews752,207B
FionaDean961,207BKeithStewart941
ClaireLewis219,207BKeithStewart941
MsCarlyGiles209,207B
MrsOliviaClark927,207BKeithStewart941
RossKaur806,207BKeithStewart941
BarryNorman163,207B
MrRyanPalmer699,207B
BrendaNelson-Tomlinson331,207B
MrDennisRussell287,207B
ShirleyScott242,207VNathanHamilton425
StuartSmith-Phillips710,207VNathanHamilton425
DrNathanHart184,207V
DeclanWilliams859,207V
RobinSmith313,207V
CliffordTaylor878,207VNathanHamilton425
GraemeJames-Ward675,207V
DebraMitchell542,207VKeithStewart941
CarolynSmith589,207V
MrDominicYates804,207V
JuneBentley-Patel332,207V
DeclanRandall-Bennett570,207V
MeganTaylor215,207V
JosephineDean573,207V
AngelaWard-Gibson403,207VNathanHamilton425
DrDaleEdwards959,207V
VictorRoss375,207V
MrBenBrown150,207V
DrIainDavies919,207V
MartynWaters-Hutchinson660,207VKeithStewart941
CameronTurner141,207V
AmyWoodward644,207V
KateEdwards530,207VKeithStewart941
MsOliviaReynolds368,207VKeithStewart941
NathanChadwick554,207V
DrConorEdwards662,207VNathanHamilton425
MrEdwardJohnson507,207V
MeganEdwards555,207G
NeilBrown-Knight682,207G
CharleneBell583,207G
MaxWilliams742,207G
DrBrendaBegum529,207G
MrsVictoriaSmith448,207G
DianaBrady-Rice963,207G
CarlyClarke413,207G
StuartWright155,207G
SamuelCooke295,207G
StevenRowley-Douglas741,207G
MartinMorgan699,207G
CliveJones-Lees528,207G
ScottFord-Gallagher131,207G
MelissaJones894,207G
AaronLynch185,207G
MsJulieJones242,207G
DrMarianBarrett283,207G
DrRoyPearson627,207G
KarlCooper-James365,207G
RhysWhite600,207G
BethanyWest638,207G
DrStuartArmstrong601,207G
JulianCollins373,207G
BrendaPalmer750,207G
MissAlexandraMorgan535,207G
CallumHill431,207G
MohammedGregory803,207G
MissCharlotteRyan783,207D
MsCarlyAllen206,207D
DanielBrown663,207D
JadeSmith499,207D
KennethBrown707,207D
BrianSmith-Thomson359,207D
DrHarrietGriffiths320,207D
MissDianePatel445,207D
EdwardCook230,207D
VanessaHarding677,207DDrBryanElliott804
JamieReeves329,207D
MaryStephens745,207D
GillianWilliams-Jordan467,207D
MauriceMartin-Wilson594,207D
DrGarryBryan538,207D
AndreaBooth-Johnston413,207D
JuliaLane514,207D
LisaNicholson268,207D
MrsFrancescaHart309,207D
CliffordQuinn775,207D
JulieJohnson909,207D
MrSeanWilkinson388,207D
IreneGilbert638,207D
EmilyFletcher455,207D
DrRogerDavies643,207D
DrRhysArnold271,207D
DrRosemaryKirk228,208A
RichardYoung470,208ADrBryanElliott804
JayneWilson539,208ADrBryanElliott804
DrChristineAtkins474,208A
StewartReed-Wheeler867,208A
KimBowen879,208A
ClareHall388,208A
AshleyPotts151,208A
BethNicholson-Smith368,208A
GuyClark260,208A
StephanieLewis422,208ADrBryanElliott804
MrsJemmaTaylor629,208A
AlexHardy206,208A
DebraDawson449,208A
NathanCarter201,208A
LaurenGreen877,208A
CliffordLewis529,208A
MrsAmyHall693,208A
LiamPearson103,208A
ChristianWright739,208A
RobertHarding831,208A
KevinPatterson341,208A
JosephSimpson953,208A
DrDylanBarton920,208A
NathanFoster215,208A
BrianShah476,208A
MrsMariaWest998,208B
GeorginaLee668,208B
PaulineJohnson475,208B
MaxSmith734,208B
LyndaRose430,208BEmilyThorpe514
MrRoyLawson950,208B
MollyCampbell778,208B
JackHodgson970,208B
MollyBrown627,208B
KatyBurke155,208B
VincentBaker686,208B
MaxThompson453,208B
KieranGraham389,208B
LeahRobertson778,208B
MrsBrendaWalsh973,208B
MelanieBaker594,208B
ElliotGraham-May700,208B
MrAndrewWebb835,208B
JudithSmith703,208B
CharlieWaters325,208B
MrsMeganGordon564,208B
LeslieCollins689,208B
ShannonMcDonald462,208B
DebraLong127,208B
HayleyTurner-Tyler939,208B
DeniseWalsh430,208B
DrElliottSavage961,208B
MissHelenWilson248,208B
LauraNixon440,208B
MissChloeWhite902,208B
JodieSimpson626,208VEmilyThorpe514
SusanClements521,208V
VincentTurner573,208V
RosieGreen919,208V
MissMollyWalker933,208V
StewartHolden542,208V
KevinWilkins336,208V
JenniferQuinn895,208V
DrDennisDuffy472,208V
JayMiles639,208VDrBryanElliott804
LouisWalters580,208V
StaceyHughes519,208V
AliceWilkinson843,208V
MollyHolland483,208V
GlennGoddard517,208V
DrPaulSimpson668,208VEmilyThorpe514
ShirleyHart293,208V
PatriciaJones662,208V
DrSamuelHolmes660,208V
BryanBryant-Swift181,208V
MollyO'Brien327,208V
AmyHall419,208V
BarbaraMurphy461,208V
KatieGill-Bradley471,208V
DrSaraBailey913,208V
JakeEdwards465,208V
MarcHolmes236,208V
AimeeCooper733,208V
RachaelManning952,208G
JoelAnderson-Payne764,208G
MrMartinMcCarthy111,208GDrBryanElliott804
LouiseAnderson359,208G
ElizabethThorpe579,208G
GraceHale984,208G
GailThomas790,208G
GeoffreyTaylor943,208G
KatySmith-Shaw307,208G
MohammadSingh721,208G
AmandaWalker580,208G
AllanEvans103,208G
DrKieranHowarth138,208G
MohammadFletcher290,208G
MissKatyWilliams418,208G
JenniferDay695,208G
JennaDawson-Watkins846,208G
BradleyFord-Houghton162,208G
AshleyCooke791,208G
MrChristianGray535,208G
MsMargaretFrost609,208G
ElliottEvans407,208GDrBryanElliott804
MrGlenDixon681,208G
DrGillianWilliams233,208G
KatherineWarren949,208G
HeatherMoore425,208G
DannyTurner637,208G
MsMariaLamb285,208G
SianBrookes-Walker520,208D
MrsKathleenMitchell990,208D
MrsPamelaCooper730,208D
LeslieClarke871,208D
DamianMarsh-Ford117,208D
DrGeorgeWilson911,208D
SophieSmith263,208D
WendyWard371,208D
MissAnnEdwards493,208D
AmberBurke450,208D
BethanHussain429,208D
MelissaRichards911,208D
MitchellEdwards117,208D
KeithHarris421,208D
RosemaryCollins798,208D
AdamPrice-Wilkinson354,208D
DrGordonWade662,208D
DonnaWright259,208D
TrevorMarshall960,208D
KayleighMorgan288,208D
BernardHill617,208D
HenryGardner747,208D
RoyCarr112,208D
JennaByrne733,208DNathanHamilton425
StephenBolton-Osborne409,208D
MsMelanieCross174,208D
ValerieLaw678,208D
BrettSlater144,209A
MrJoshuaWaters263,209A
LiamRichards-Jones594,209A
DrYvonneYoung335,209A
GlennAllen259,209A
BernardPugh770,209A
MrsMandyLloyd650,209A
EmilyLloyd284,209A
SianBennett-Wood566,209ANathanHamilton425
ScottAnderson264,209A
DenisWaters706,209ANathanHamilton425
LeighSimpson607,209A
AlexClark429,209A
GeraldBird-Knight112,209A
DrVincentByrne431,209A
JayneHall-O'Connor944,209A
KayleighJohnson-Ali678,209A
MrsJuneRobertson696,209A
ShaneHawkins408,209A
MissAlisonDixon815,209A
DrCallumWells898,209A
HannahPreston860,209AEmilyThorpe514
DrNigelShaw174,209A
LeahPearson151,209A
AmandaChambers398,209B
JanetFisher971,209B
MatthewThompson408,209B
MrConorSaunders445,209BNathanHamilton425
BrandonLewis844,209B
HarryCraig964,209B
CliffordHerbert-Simmons388,209B
MrTerenceGray635,209B
KathrynBennett929,209B
JayneSpencer385,209B
BryanSmith794,209B
JuneMurray-Hayes138,209B
TobyWalton696,209B
DennisClarke954,209B
JoannaGoodwin653,209B
PaigeBall155,209B
JeremyJones368,209B
GordonAnderson572,209B
MrsRebeccaMiles422,209B
MrJamieTucker606,209B
KevinRice198,209B
OwenHarris-George822,209B
MrsRachelGray302,209B
KayleighFoster274,209B
GlennRussell612,209B
NigelWilkinson762,209B
DenisWoods-Mason701,209B
JillRichardson-Griffiths386,209V
SheilaDodd154,209V
MollyAdams813,209V
DrLeonBarton977,209V
ShirleyTaylor117,209VNathanHamilton425
SimonPearson381,209V
OliverSheppard-Whitehead279,209V
GavinWillis451,209V
VictorKelly459,209V
MariaScott-Murphy851,209V
JanetStewart197,209V
ArthurRoberts547,209V
MrGerardGeorge441,209VDrBryanElliott804
DianeGardner956,209V
GillianTalbot-Davies282,209VDrBryanElliott804
RachaelFarmer-Harris248,209V
DrZoeRoberts368,209VDrBryanElliott804
DrLaurenRyan859,209V
MauriceWoods-Walton983,209V
AbigailBarnes663,209V
DawnScott-Bates516,209V
KimAnderson847,209VDrBryanElliott804
DrLisaHolden509,209V
SaraKnight-Wilson802,209V
MsMarionWells887,209V
ConnorMorris912,209G
IainSullivan265,209G
MsGeorgiaAbbott337,209G
MsAnnRobinson405,209G
BarbaraGreen526,209G
MatthewFry338,209G
DrMollyWhite216,209G
MsSophieLloyd335,209G
GlennWilliams529,209G
KateTurnbull182,209G
BenFoster927,209G
KimSkinner239,209G
BenjaminGriffiths104,209G
KarenGordon902,209GDrBryanElliott804
AmandaBurton889,209G
EmilyBarrett689,209G
ConorHodgson516,209G
DeclanGardner852,209G
DrSamWatkins189,209G
DrMohammedGarner461,209G
MissAimeeBrown611,209G
JaniceAndrews966,209G
RussellMitchell726,209GDrBryanElliott804
HughHudson156,209G
AnnFinch255,209D
JudithBerry-Bennett257,209D
DrJoelThompson593,209D
YvonneGreen-Burton324,209D
TomBurrows-Webster916,209D
JordanDavis942,209D
MaureenPatterson-Preston639,209D
CarolCampbell845,209D
DrJackMiles154,209D
LawrenceHudson901,209D
VanessaMorgan707,209D
KirstyWade850,209D
DrSallyDavey746,209D
WilliamJones914,209D
RossSpencer-Carpenter474,209DMrLeonardJames100
ZoeFrost376,209DMrLeonardJames100
LeslieFraser706,209DMrLeonardJames100
DrMohammadBell933,209D
DorothyKhan531,209D
MrGaryHayes431,209D
MrLukeHarris707,2010AKeithStewart941
EricWilliams807,2010AKeithStewart941
VictorMorris747,2010AKeithStewart941
MrJonathanKay805,2010A
DrLewisBuckley948,2010AKeithStewart941
SamanthaGraham938,2010A
DrAllanMurray913,2010AKeithStewart941
ChristopherHoward641,2010AKeithStewart941
DrDaleParker845,2010AKeithStewart941
GordonDavies873,2010A
ChelseaWhitehead282,2010AKeithStewart941
MitchellMiah240,2010AKeithStewart941
JillRobinson425,2010A
GlennHopkins574,2010AKeithStewart941
HughLowe814,2010A
DrMollyMorris472,2010A
MarionKnowles693,2010AKeithStewart941
DrBrianSchofield225,2010AKeithStewart941
MrPhilipDyer695,2010AKeithStewart941
MohammedO'Neill715,2010A
DrJasonShaw926,2010A
JacquelineSmith-Wood159,2010AKeithStewart941
MohammadTaylor406,2010A
VictorCross377,2010B
JulianDoherty321,2010B
EricBurgess779,2010B
DrElizabethClark697,2010B
BradleyCoates-Brown518,2010B
RoyStephenson422,2010B
MitchellHancock870,2010B
CliveSmith639,2010B
DrDanielWilliams171,2010B
MichaelRussell467,2010B
GregoryHughes626,2010B
CharliePrice521,2010B
SeanSmith-Allen707,2010B
DebraBrowne667,2010B
BrandonMorgan-Humphries825,2010B
DrEdwardSanders715,2010B
NicholasPayne132,2010B
GeorgiaRichards737,2010B
HowardTaylor165,2010B
JosephineHall871,2010B
MathewWilliams257,2010B
StevenAnderson678,2010V
MrsGeraldineBond330,2010V
HenrySaunders345,2010VMrLeonardJames100
RobertShaw969,2010V
JoshuaPollard470,2010V
RoyFleming675,2010V
PaulWilkinson123,2010VMrLeonardJames100
MrKarlNorris383,2010V
JordanCooper272,2010V
MrBradleyNorth221,2010V
KarenWalker115,2010V
DrGlennRogers958,2010VMrLeonardJames100
GaryBrown-Higgins256,2010V
JadeCollins-Harrison162,2010V
LouiseCarpenter488,2010VMrLeonardJames100
CherylCooper791,2010V
MrDominicO'Neill563,2010V
SophieHilton772,2010V
MrStephenLewis891,2010V
MissDeborahCartwright584,2010VKeithStewart941
SuzanneWebster108,2010V
MarcusStorey576,2010V
JanetHarris-Young855,2010VMrLeonardJames100
ElizabethHughes548,2010GKeithStewart941
ClareJackson504,2010G
MissCatherineStewart342,2010G
CallumHill-Walsh988,2010GKeithStewart941
DrJemmaHussain993,2010G
MsLynnHicks416,2010G
EleanorAtkins915,2010GMrLeonardJames100
NathanPhillips504,2010G
DuncanEdwards-Patterson292,2010GMrLeonardJames100
MrsGraceHunt506,2010G
NatashaPage603,2010G
ChelseaParsons498,2010GKeithStewart941
MsAbigailHart325,2010GKeithStewart941
ConnorBird529,2010G
DrRossWilliams924,2010G
MissKarenWhite848,2010G
LyndaThomas121,2010G
MrMitchellWarner196,2010G
CharlieLewis337,2010G
RonaldHarris562,2010G
DawnFarmer219,2010G
JasonRead495,2010G
MrLouisSmart823,2010GKeithStewart941
ChelseaSanders419,2010D
MrsDanielleRiley467,2010D
DonaldCampbell605,2010D
MsKatieWood218,2010D
RosemaryWillis814,2010D
GrahamKhan674,2010DKeithStewart941
PaigeLong624,2010D
ClareRichards766,2010D
DrGregorySmith915,2010D
LorraineHill-Harvey306,2010D
KatieWilliams-Jackson226,2010D
EmilyGray498,2010D
RhysPrice-Kelly574,2010D
MrLeslieWhite844,2010D
DylanDixon298,2010D
DrSandraDavies905,2010D
JemmaMcDonald829,2010D
MrsAliceHarris721,2010DMrLeonardJames100
VincentWest-Hall810,2010D
DarrenJones-Dunn294,2010D
DerekWhite428,2010D
StephanieWall162,2010D
MarkParry587,2010D
DavidMiller-Crawford453,2010D
MartynKelly721,2011V
DrElaineShaw587,2011V
HowardTurner-Watson459,2011GMrLeonardJames100
LesleyBrennan761,2011GMrLeonardJames100
DrMohammadCooper652,2011EKeithStewart941
PaulaNicholson451,2011EKeithStewart941
KayleighHussain383,2011EKeithStewart941
MissTracyRyan233,2011EKeithStewart941
LukeGeorge-Andrews592,2011EKeithStewart941