id,name,email
KeithStewart941,Keith Stewart,vowens@example.org
MrLeonardJames100,Mr Leonard James,emorris@example.net
DrBryanElliott804,Dr Bryan Elliott,patrickwilkinson@example.com
MrsRosieMiller728,Mrs Rosie Miller,dtaylor@example.com
NathanHamilton425,Nathan Hamilton,zjackson@example.com
EmilyThorpe514,Emily Thorpe,kbuckley@example.net
MrKennethHarrison893,Mr Kenneth Harrison,xbanks@example.org
MissLucyCooke144,Miss Lucy Cooke,alexmarshall@example.com
MissJaniceClarke389,Miss Janice Clarke,damianwalters@example.org
ElaineThomas855,Elaine Thomas,zclark@example.com
DrKirstyMiller653,Dr Kirsty Miller,susanhewitt@example.org